1,Mathilda,Garnam,mgarnam0@rediff.com,Female
2,Tymon,McEniry,tmceniry1@free.fr,Male
3,Margarette,Danilyak,mdanilyak2@joomla.org,Female
4,Ermanno,Huebner,ehuebner3@wikipedia.org,Male
5,Agnes,Barabich,abarabich4@delicious.com,Female
6,Hamil,De Zuani,hdezuani5@hostgator.com,Male
7,Corrie,Althorpe,calthorpe6@themeforest.net,Female
8,Ricard,Dumelow,rdumelow7@china.com.cn,Male
9,D'arcy,Crayton,dcrayton8@furl.net,Male
10,Kayle,Stonier,kstonier9@thetimes.co.uk,Female
11,Julissa,Bogeys,jbogeysa@w3.org,Female
12,Saul,Hyam,shyamb@senate.gov,Male
13,Saleem,Pettengell,spettengellc@si.edu,Male
14,Ives,Osmon,iosmond@forbes.com,Male
15,Wendie,Acton,wactone@army.mil,Female
16,Ches,Redd,creddf@un.org,Male
17,Sarine,Cossum,scossumg@hubpages.com,Female
18,Farly,Arsmith,farsmithh@linkedin.com,Male
19,Althea,Tavernor,atavernori@printfriendly.com,Female
20,Gayla,Billes,gbillesj@miitbeian.gov.cn,Female
21,Teodoor,Shreenan,tshreenank@hp.com,Male
22,Rich,Frusher,rfrusherl@cbc.ca,Male
23,Lissie,Glazier,lglazierm@elpais.com,Female
24,Glyn,Dealey,gdealeyn@unesco.org,Male
25,Kathy,Swansborough,kswansborougho@amazon.de,Female
26,Dudley,Hopkyns,dhopkynsp@mozilla.com,Male
27,Byran,Ealles,beallesq@engadget.com,Male
28,Kenon,MacGray,kmacgrayr@stumbleupon.com,Male
29,Sibilla,Norres,snorress@smugmug.com,Female
30,Melita,Redman,mredmant@a8.net,Female
31,Ki,Brydson,kbrydsonu@google.ca,Female
32,Bernardine,Follis,bfollisv@unc.edu,Female
33,Farleigh,Sudy,fsudyw@unc.edu,Male
34,Belle,Dearness,bdearnessx@google.co.uk,Female
35,Onfre,Kee,okeey@archive.org,Male
36,Lottie,Kindle,lkindlez@plala.or.jp,Female
37,Darin,Klammt,dklammt10@i2i.jp,Male
38,Pavlov,Wanley,pwanley11@kickstarter.com,Male
39,Linoel,Mynett,lmynett12@w3.org,Male
40,Ellie,Badder,ebadder13@bloglovin.com,Female
41,Gwyneth,Connick,gconnick14@topsy.com,Female
42,Nonna,Suckling,nsuckling15@fastcompany.com,Female
43,Gert,Butchers,gbutchers16@vimeo.com,Female
44,Ailsun,Ferencowicz,aferencowicz17@gnu.org,Female
45,Kassi,Kinnin,kkinnin18@elegantthemes.com,Female
46,Marji,Gleave,mgleave19@is.gd,Female
47,Janine,Romney,jromney1a@techcrunch.com,Female
48,Darsey,Kinnane,dkinnane1b@springer.com,Female
49,Maxy,Kardos,mkardos1c@wunderground.com,Male
50,Jaquenetta,Freake,jfreake1d@xing.com,Female
51,Andreas,Blastock,ablastock1e@epa.gov,Male
52,Averil,Wrates,awrates1f@cbc.ca,Female
53,Tait,Hembling,thembling1g@ycombinator.com,Male
54,Roshelle,Haworth,rhaworth1h@wisc.edu,Female
55,Minta,Pollie,mpollie1i@friendfeed.com,Female
56,Mufinella,Riddiough,mriddiough1j@quantcast.com,Female
57,Hymie,Lumsdon,hlumsdon1k@theguardian.com,Male
58,Kaine,Briston,kbriston1l@ftc.gov,Male
59,Ryon,Bartholomaus,rbartholomaus1m@drupal.org,Male
60,Ruthanne,Runge,rrunge1n@printfriendly.com,Female
61,Clarance,Penhall,cpenhall1o@slashdot.org,Male
62,Anselm,Vlahos,avlahos1p@ucoz.ru,Male
63,Lind,Cramb,lcramb1q@utexas.edu,Male
64,Amargo,Cobbledick,acobbledick1r@photobucket.com,Female
65,Alexandra,Trafford,atrafford1s@alexa.com,Female
66,Brnaby,Bodega,bbodega1t@dot.gov,Male
67,Foss,Andreini,fandreini1u@freewebs.com,Male
68,Verney,Alvarez,valvarez1v@plala.or.jp,Male
69,Fernande,Werndley,fwerndley1w@symantec.com,Female
70,Rube,Rodgerson,rrodgerson1x@baidu.com,Male
71,Helenka,Wavell,hwavell1y@foxnews.com,Female
72,Jayme,Pattrick,jpattrick1z@friendfeed.com,Female
73,Rochester,Esson,resson20@ted.com,Male
74,Baryram,Gimblett,bgimblett21@hp.com,Male
75,Monte,Listone,mlistone22@sourceforge.net,Male
76,Franny,Camin,fcamin23@usda.gov,Male
77,Robenia,Meadus,rmeadus24@i2i.jp,Female
78,Bibi,Beavan,bbeavan25@shinystat.com,Female
79,Thibaut,Caso,tcaso26@adobe.com,Male
80,Colene,Airy,cairy27@phoca.cz,Female
81,Chelsy,Shafto,cshafto28@guardian.co.uk,Female
82,Brandy,Maidens,bmaidens29@themeforest.net,Female
83,Jeremie,Bordis,jbordis2a@exblog.jp,Male
84,Chrissy,Binns,cbinns2b@1und1.de,Male
85,Bride,Lippi,blippi2c@sourceforge.net,Female
86,Vivien,Aire,vaire2d@wikispaces.com,Female
87,Payton,Winchcomb,pwinchcomb2e@cocolog-nifty.com,Male
88,Mattias,Roxbrough,mroxbrough2f@nih.gov,Male
89,Humphrey,Janus,hjanus2g@cam.ac.uk,Male
90,Valentijn,Gallego,vgallego2h@ocn.ne.jp,Male
91,Emlyn,Parvin,eparvin2i@engadget.com,Male
92,Woody,Boast,wboast2j@youtube.com,Male
93,Jamaal,Mongenot,jmongenot2k@ca.gov,Male
94,Antonius,Maundrell,amaundrell2l@java.com,Male
95,Rowen,Polak,rpolak2m@netvibes.com,Male
96,Jean,Peschka,jpeschka2n@cnet.com,Male
97,Cordie,Olliar,colliar2o@adobe.com,Female
98,Charo,Greder,cgreder2p@miitbeian.gov.cn,Female
99,Eleni,Killingsworth,ekillingsworth2q@ow.ly,Female
100,Calypso,Tumbelty,ctumbelty2r@tiny.cc,Female
101,Alta,Hyndman,ahyndman2s@dion.ne.jp,Female
102,Courtney,Wringe,cwringe2t@trellian.com,Male
103,Garwin,Anchor,ganchor2u@wsj.com,Male
104,Byram,Skoggins,bskoggins2v@studiopress.com,Male
105,Wright,Pfeuffer,wpfeuffer2w@prlog.org,Male
106,Ki,McAllaster,kmcallaster2x@people.com.cn,Female
107,Rosette,Stickel,rstickel2y@smh.com.au,Female
108,Anneliese,MacSorley,amacsorley2z@disqus.com,Female
109,Rhodie,Whisson,rwhisson30@ed.gov,Female
110,Moritz,Donnison,mdonnison31@economist.com,Male
111,Raviv,Broadnicke,rbroadnicke32@amazonaws.com,Male
112,Agata,Sumbler,asumbler33@dailymotion.com,Female
113,Inesita,Ghiraldi,ighiraldi34@sciencedirect.com,Female
114,Bordy,Sarfat,bsarfat35@meetup.com,Male
115,Jermaine,Lipprose,jlipprose36@oakley.com,Female
116,Benjy,Buttwell,bbuttwell37@angelfire.com,Male
117,Georgie,Bremner,gbremner38@list-manage.com,Male
118,Rockey,Folkerts,rfolkerts39@toplist.cz,Male
119,Cheryl,MacFaell,cmacfaell3a@sphinn.com,Female
120,Beilul,Merrien,bmerrien3b@usatoday.com,Female
121,Winthrop,Guiso,wguiso3c@aboutads.info,Male
122,Abelard,Nerval,anerval3d@hubpages.com,Male
123,Wiley,Lorinez,wlorinez3e@icio.us,Male
124,Eleanora,Pechard,epechard3f@europa.eu,Female
125,Lura,Revening,lrevening3g@macromedia.com,Female
126,Cody,Fagence,cfagence3h@vk.com,Female
127,Thalia,Barnshaw,tbarnshaw3i@parallels.com,Female
128,Arlen,Titcumb,atitcumb3j@diigo.com,Male
129,Peggi,Dedenham,pdedenham3k@com.com,Female
130,Randal,Mitskevich,rmitskevich3l@posterous.com,Male
131,Lizbeth,Sipson,lsipson3m@apple.com,Female
132,Griswold,Kersey,gkersey3n@ucsd.edu,Male
133,Wadsworth,Zanre,wzanre3o@timesonline.co.uk,Male
134,Aindrea,Camacho,acamacho3p@devhub.com,Female
135,Benson,Kynan,bkynan3q@g.co,Male
136,Natala,Egerton,negerton3r@npr.org,Female
137,Prince,MacKall,pmackall3s@ycombinator.com,Male
138,Leonidas,Petriello,lpetriello3t@umich.edu,Male
139,Karena,Micklem,kmicklem3u@hp.com,Female
140,Nathaniel,Peile,npeile3v@ocn.ne.jp,Male
141,Hanson,Hargerie,hhargerie3w@usatoday.com,Male
142,Josy,Harkins,jharkins3x@blogger.com,Female
143,Tobey,Albon,talbon3y@blogs.com,Female
144,Bevvy,Tapper,btapper3z@list-manage.com,Female
145,Annemarie,Stowte,astowte40@vimeo.com,Female
146,Rad,Trousdell,rtrousdell41@un.org,Male
147,Maureene,Gregolotti,mgregolotti42@utexas.edu,Female
148,Marlane,Raubenheim,mraubenheim43@google.com,Female
149,Carena,Easby,ceasby44@soundcloud.com,Female
150,Ferrel,Fallow,ffallow45@weather.com,Male
151,Staci,Otteridge,sotteridge46@networkadvertising.org,Female
152,Gregorius,De Caville,gdecaville47@google.com.hk,Male
153,Ezri,Attwooll,eattwooll48@nasa.gov,Male
154,Esme,Leming,eleming49@deliciousdays.com,Female
155,Boothe,Slowcock,bslowcock4a@jalbum.net,Male
156,Johann,Laviss,jlaviss4b@apple.com,Male
157,Charmion,Lethibridge,clethibridge4c@simplemachines.org,Female
158,Odille,Cohalan,ocohalan4d@bbb.org,Female
159,Reinhard,Giannotti,rgiannotti4e@discuz.net,Male
160,Worthington,Jeffree,wjeffree4f@shareasale.com,Male
161,Sloane,Gauden,sgauden4g@omniture.com,Male
162,Sonia,Northcote,snorthcote4h@mozilla.com,Female
163,Josy,Copley,jcopley4i@constantcontact.com,Female
164,Queenie,Clayton,qclayton4j@weather.com,Female
165,Raddie,Nigh,rnigh4k@last.fm,Male
166,Avril,Jarry,ajarry4l@devhub.com,Female
167,Melisse,Hassard,mhassard4m@ebay.com,Female
168,Binni,Chinge de Hals,bchingedehals4n@imgur.com,Female
169,Roarke,Rambaut,rrambaut4o@reuters.com,Male
170,Freeman,Waterdrinker,fwaterdrinker4p@1und1.de,Male
171,Ximenes,Rowbottam,xrowbottam4q@nasa.gov,Male
172,Kania,Goodburn,kgoodburn4r@163.com,Female
173,Garrett,Lergan,glergan4s@techcrunch.com,Male
174,Vita,Desborough,vdesborough4t@archive.org,Female
175,Therine,De Ruggero,tderuggero4u@trellian.com,Female
176,Marya,Hebron,mhebron4v@walmart.com,Female
177,Fredi,MacElane,fmacelane4w@bing.com,Female
178,Immanuel,Goodbur,igoodbur4x@youku.com,Male
179,Mitchel,Angell,mangell4y@stumbleupon.com,Male
180,Pace,Oller,poller4z@yahoo.com,Male
181,Sandye,Thompson,sthompson50@bigcartel.com,Female
182,Gris,Profit,gprofit51@webnode.com,Male
183,Yance,Tunnicliffe,ytunnicliffe52@dropbox.com,Male
184,Antoine,Goldney,agoldney53@discuz.net,Male
185,Cherye,Newey,cnewey54@nytimes.com,Female
186,Dulcea,Garrettson,dgarrettson55@examiner.com,Female
187,Kain,Rennebeck,krennebeck56@tamu.edu,Male
188,Tiebout,Stedson,tstedson57@examiner.com,Male
189,Nikki,Cockerill,ncockerill58@state.tx.us,Female
190,Austin,Leer,aleer59@a8.net,Female
191,Neal,Huffer,nhuffer5a@hp.com,Male
192,Jeramey,Synke,jsynke5b@amazonaws.com,Male
193,Sauveur,Gerrish,sgerrish5c@wikia.com,Male
194,Christy,Gowrich,cgowrich5d@quantcast.com,Female
195,Callean,Le Lievre,clelievre5e@netscape.com,Male
196,Gladys,Rawet,grawet5f@mozilla.com,Female
197,Gui,Dix,gdix5g@rakuten.co.jp,Female
198,Juliet,MacAree,jmacaree5h@ucoz.ru,Female
199,Sheree,Langston,slangston5i@photobucket.com,Female
200,Becca,Wudeland,bwudeland5j@163.com,Female
201,Ruprecht,Belcher,rbelcher5k@hibu.com,Male
202,Liv,Capstick,lcapstick5l@amazon.com,Female
203,Cooper,Roxby,croxby5m@google.es,Male
204,Hunt,Shrieve,hshrieve5n@jigsy.com,Male
205,Simeon,Warren,swarren5o@pcworld.com,Male
206,Nady,Ibbeson,nibbeson5p@instagram.com,Female
207,Estel,Bister,ebister5q@prnewswire.com,Female
208,Lesya,Westmacott,lwestmacott5r@webs.com,Female
209,Alic,Chantree,achantree5s@hibu.com,Male
210,Shaylah,Walcot,swalcot5t@bigcartel.com,Female
211,Werner,Schout,wschout5u@goo.gl,Male
212,Lucius,Braiden,lbraiden5v@shop-pro.jp,Male
213,Noelyn,Jakubski,njakubski5w@walmart.com,Female
214,Jareb,Apted,japted5x@redcross.org,Male
215,Kitti,Frankland,kfrankland5y@elegantthemes.com,Female
216,Court,Fardell,cfardell5z@squidoo.com,Male
217,Taddeusz,Parkisson,tparkisson60@usnews.com,Male
218,Erinna,Ennor,eennor61@rakuten.co.jp,Female
219,Hal,Edginton,hedginton62@foxnews.com,Male
220,Morton,Simakov,msimakov63@infoseek.co.jp,Male
221,Dulce,Jenckes,djenckes64@salon.com,Female
222,Cherye,Joberne,cjoberne65@meetup.com,Female
223,Sheryl,Brickham,sbrickham66@mashable.com,Female
224,Marti,Fabry,mfabry67@blogspot.com,Female
225,Gill,McGeechan,gmcgeechan68@posterous.com,Female
226,Gill,Bench,gbench69@blogtalkradio.com,Male
227,Lenard,Adaway,ladaway6a@mozilla.org,Male
228,Ted,Selman,tselman6b@tripadvisor.com,Male
229,Kristofer,Silverlock,ksilverlock6c@discuz.net,Male
230,Cris,Shawell,cshawell6d@rambler.ru,Male
231,Bernard,Power,bpower6e@xrea.com,Male
232,Eryn,Jugging,ejugging6f@alibaba.com,Female
233,Garik,Duckerin,gduckerin6g@guardian.co.uk,Male
234,Arnaldo,Sicily,asicily6h@cisco.com,Male
235,Derril,Brede,dbrede6i@nasa.gov,Male
236,Rhodia,Kaiser,rkaiser6j@studiopress.com,Female
237,Viviene,Ruddoch,vruddoch6k@upenn.edu,Female
238,Shell,Cicchelli,scicchelli6l@cisco.com,Female
239,Marjie,Matteris,mmatteris6m@sciencedaily.com,Female
240,Hilda,Christofides,hchristofides6n@salon.com,Female
241,Karna,Djurisic,kdjurisic6o@spotify.com,Female
242,Agustin,De la Harpe,adelaharpe6p@geocities.jp,Male
243,Stan,Benoist,sbenoist6q@sphinn.com,Male
244,Pamela,Tenniswood,ptenniswood6r@tuttocitta.it,Female
245,Ken,Godbald,kgodbald6s@goo.ne.jp,Male
246,Teddie,Frankton,tfrankton6t@wufoo.com,Male
247,Siouxie,Puttnam,sputtnam6u@hao123.com,Female
248,Skell,Jeandot,sjeandot6v@squarespace.com,Male
249,Oona,Gyurko,ogyurko6w@shutterfly.com,Female
250,Mira,Redemile,mredemile6x@auda.org.au,Female
251,Reiko,Vanderplas,rvanderplas6y@dmoz.org,Female
252,Jeramie,Stevani,jstevani6z@google.com.au,Male
253,Izabel,Guillond,iguillond70@salon.com,Female
254,Nerta,Dedenham,ndedenham71@booking.com,Female
255,Erasmus,Cunnah,ecunnah72@com.com,Male
256,Boothe,Wadsworth,bwadsworth73@yellowbook.com,Male
257,Israel,Hatje,ihatje74@cargocollective.com,Male
258,Ezri,Keedwell,ekeedwell75@smh.com.au,Male
259,Stephani,Bellows,sbellows76@unblog.fr,Female
260,Tiffi,Ginnaly,tginnaly77@edublogs.org,Female
261,Byrann,Cosker,bcosker78@twitter.com,Male
262,Perle,Bonnesen,pbonnesen79@howstuffworks.com,Female
263,Maxie,Farries,mfarries7a@hugedomains.com,Female
264,Filippo,Mayling,fmayling7b@theglobeandmail.com,Male
265,Jarad,Flahy,jflahy7c@webnode.com,Male
266,Alyson,Stetson,astetson7d@ning.com,Female
267,Trudey,MacKenney,tmackenney7e@msu.edu,Female
268,Nilson,Currie,ncurrie7f@opensource.org,Male
269,Yevette,Barlthrop,ybarlthrop7g@columbia.edu,Female
270,Olwen,Struss,ostruss7h@nature.com,Female
271,Shelly,Herche,sherche7i@who.int,Female
272,Wadsworth,Cornill,wcornill7j@flickr.com,Male
273,Hayden,Fitzsymon,hfitzsymon7k@nih.gov,Male
274,Lavinie,Pengilly,lpengilly7l@hugedomains.com,Female
275,Liane,Dible,ldible7m@squidoo.com,Female
276,Tommy,Brack,tbrack7n@hatena.ne.jp,Female
277,Emmit,Aylesbury,eaylesbury7o@studiopress.com,Male
278,Holly,Loins,hloins7p@1und1.de,Female
279,Isa,O'Nion,ionion7q@yellowpages.com,Male
280,Kizzie,Keyson,kkeyson7r@virginia.edu,Female
281,Mitchel,Swannell,mswannell7s@wikimedia.org,Male
282,Ephraim,Averill,eaverill7t@dailymail.co.uk,Male
283,Spike,Bartalucci,sbartalucci7u@vinaora.com,Male
284,Gilbertina,Simmens,gsimmens7v@fema.gov,Female
285,Tonnie,Devanney,tdevanney7w@xing.com,Male
286,Grata,Drysdale,gdrysdale7x@wordpress.com,Female
287,Oates,Staniford,ostaniford7y@tumblr.com,Male
288,Ronna,Keasey,rkeasey7z@fastcompany.com,Female
289,Aldwin,Hightown,ahightown80@google.com.br,Male
290,Olivero,Maber,omaber81@pbs.org,Male
291,Armando,Dingle,adingle82@hhs.gov,Male
292,Templeton,Kellett,tkellett83@trellian.com,Male
293,Paddy,Whyffen,pwhyffen84@techcrunch.com,Male
294,Otto,Tapton,otapton85@amazon.co.jp,Male
295,Lyn,Teaze,lteaze86@telegraph.co.uk,Male
296,Amos,Tatersale,atatersale87@cloudflare.com,Male
297,Inga,Fishpond,ifishpond88@instagram.com,Female
298,Mayne,Cheltnam,mcheltnam89@hatena.ne.jp,Male
299,Bone,Brewerton,bbrewerton8a@europa.eu,Male
300,Cathie,Klouz,cklouz8b@cargocollective.com,Female
301,Tansy,Goodger,tgoodger8c@nymag.com,Female
302,Birgit,Grumbridge,bgrumbridge8d@forbes.com,Female
303,Lydon,Bothen,lbothen8e@deviantart.com,Male
304,Sauncho,Kingswood,skingswood8f@theglobeandmail.com,Male
305,Gay,MacIntyre,gmacintyre8g@tuttocitta.it,Male
306,Justus,Masterton,jmasterton8h@sitemeter.com,Male
307,Fitzgerald,Crust,fcrust8i@biblegateway.com,Male
308,Nyssa,Arstall,narstall8j@cdc.gov,Female
309,Betsy,Petegre,bpetegre8k@linkedin.com,Female
310,Whitney,Davidovics,wdavidovics8l@purevolume.com,Male
311,Marcellus,Ferre,mferre8m@blogtalkradio.com,Male
312,Myles,Middlemist,mmiddlemist8n@biblegateway.com,Male
313,Margret,Sainer,msainer8o@lycos.com,Female
314,Bonny,Skeemor,bskeemor8p@fastcompany.com,Female
315,Cinnamon,Cadden,ccadden8q@live.com,Female
316,Appolonia,Halgarth,ahalgarth8r@intel.com,Female
317,Malissia,Cawt,mcawt8s@parallels.com,Female
318,Derry,Joe,djoe8t@state.tx.us,Male
319,Shina,Sweetsur,ssweetsur8u@soundcloud.com,Female
320,Olivia,Smales,osmales8v@japanpost.jp,Female
321,Honor,Franzke,hfranzke8w@soundcloud.com,Female
322,Wendie,Timson,wtimson8x@infoseek.co.jp,Female
323,Drusie,Ruckhard,druckhard8y@tripod.com,Female
324,Thekla,Blindmann,tblindmann8z@sourceforge.net,Female
325,Rooney,Regitz,rregitz90@multiply.com,Male
326,Riccardo,Field,rfield91@ning.com,Male
327,Sara,Upson,supson92@csmonitor.com,Female
328,Dominga,Allibone,dallibone93@ehow.com,Female
329,Harrietta,Bellocht,hbellocht94@eventbrite.com,Female
330,Chandler,Thame,cthame95@rakuten.co.jp,Male
331,Duke,Dayly,ddayly96@slideshare.net,Male
332,Kyla,Rennebeck,krennebeck97@rediff.com,Female
333,Mariska,Zaniolo,mzaniolo98@wordpress.com,Female
334,Nathalie,Ocklin,nocklin99@pen.io,Female
335,Rees,Klambt,rklambt9a@wired.com,Male
336,Felicdad,Tunnicliffe,ftunnicliffe9b@adobe.com,Female
337,Morissa,Lambourne,mlambourne9c@abc.net.au,Female
338,Elvina,Dibb,edibb9d@netscape.com,Female
339,Caz,Wintringham,cwintringham9e@issuu.com,Male
340,Angelika,De Lacey,adelacey9f@wikia.com,Female
341,Rodney,Mathely,rmathely9g@zimbio.com,Male
342,Shayne,Bartolini,sbartolini9h@china.com.cn,Male
343,Ortensia,Humpage,ohumpage9i@telegraph.co.uk,Female
344,Beatrice,Dunsmuir,bdunsmuir9j@dell.com,Female
345,Minetta,Toynbee,mtoynbee9k@mozilla.org,Female
346,Gwendolyn,Shirrell,gshirrell9l@illinois.edu,Female
347,Temple,Wellbelove,twellbelove9m@google.nl,Male
348,Horst,Parlett,hparlett9n@a8.net,Male
349,Keir,Braunstein,kbraunstein9o@trellian.com,Male
350,Constantine,Beddingham,cbeddingham9p@walmart.com,Male
351,Lurline,Campion,lcampion9q@gravatar.com,Female
352,Tiff,Scherer,tscherer9r@fda.gov,Female
353,Ginny,Gething,ggething9s@pinterest.com,Female
354,Constanta,Secrett,csecrett9t@howstuffworks.com,Female
355,Carlo,Poll,cpoll9u@yolasite.com,Male
356,Arielle,Pennoni,apennoni9v@webs.com,Female
357,Nicko,Colley,ncolley9w@sourceforge.net,Male
358,Othilia,Andriesse,oandriesse9x@dyndns.org,Female
359,Franklyn,Sirkett,fsirkett9y@surveymonkey.com,Male
360,Janel,Bohman,jbohman9z@nhs.uk,Female
361,Valencia,Loads,vloadsa0@wsj.com,Female
362,Elspeth,de Leon,edeleona1@blinklist.com,Female
363,Myrle,Ternault,mternaulta2@usa.gov,Female
364,Brice,Boler,bbolera3@arizona.edu,Male
365,Alfonse,Mundy,amundya4@wikia.com,Male
366,Pam,Griffin,pgriffina5@behance.net,Female
367,Pamelina,Wooland,pwoolanda6@ning.com,Female
368,Verna,Granham,vgranhama7@ebay.co.uk,Female
369,Tildi,Jaquet,tjaqueta8@google.fr,Female
370,Claudell,Persey,cperseya9@sun.com,Male
371,Emanuele,Nattrass,enattrassaa@samsung.com,Male
372,Clarabelle,Grouvel,cgrouvelab@wikipedia.org,Female
373,Romy,Mallabon,rmallabonac@yellowbook.com,Female
374,Nathalie,Tallon,ntallonad@t.co,Female
375,Steffi,Omand,somandae@printfriendly.com,Female
376,Leeland,Garfit,lgarfitaf@vimeo.com,Male
377,Wye,Iiannone,wiiannoneag@who.int,Male
378,Addie,Brennenstuhl,abrennenstuhlah@ed.gov,Male
379,Libbey,Brounfield,lbrounfieldai@xinhuanet.com,Female
380,Minette,Paute,mpauteaj@1und1.de,Female
381,Susan,Germon,sgermonak@nifty.com,Female
382,Bili,Bool,bboolal@themeforest.net,Female
383,Lucian,Jilliss,ljillissam@sciencedaily.com,Male
384,Frederic,Bruty,fbrutyan@networksolutions.com,Male
385,Gianni,Krolle,gkrolleao@jiathis.com,Male
386,Derrik,Raddin,draddinap@washington.edu,Male
387,Jeffy,Cundict,jcundictaq@quantcast.com,Male
388,Consuelo,Riddall,criddallar@aboutads.info,Female
389,Harri,O'Sesnane,hosesnaneas@drupal.org,Female
390,Dorothee,O'Lunny,dolunnyat@gizmodo.com,Female
391,Reagen,Laurent,rlaurentau@hp.com,Male
392,Thornie,Menguy,tmenguyav@mozilla.org,Male
393,Trevar,Comport,tcomportaw@dedecms.com,Male
394,Kurt,Drance,kdranceax@ca.gov,Male
395,Chere,Akester,cakesteray@smh.com.au,Female
396,Gallagher,Penhalewick,gpenhalewickaz@dailymotion.com,Male
397,Aaron,Cockman,acockmanb0@apple.com,Male
398,Flemming,McCrea,fmccreab1@shutterfly.com,Male
399,Maggy,Cobbald,mcobbaldb2@bandcamp.com,Female
400,Pietro,Woolaston,pwoolastonb3@omniture.com,Male
401,Magdaia,Featherby,mfeatherbyb4@va.gov,Female
402,Ken,Cometson,kcometsonb5@census.gov,Male
403,Ivett,Lebell,ilebellb6@harvard.edu,Female
404,Avrom,Traves,atravesb7@rambler.ru,Male
405,Conn,Morrison,cmorrisonb8@tinypic.com,Male
406,August,Alexsandrovich,aalexsandrovichb9@alibaba.com,Male
407,Margette,Stot,mstotba@skyrock.com,Female
408,Gerri,Minnock,gminnockbb@salon.com,Female
409,Lizette,Splain,lsplainbc@de.vu,Female
410,Haslett,Poor,hpoorbd@simplemachines.org,Male
411,Lennie,Surr,lsurrbe@answers.com,Male
412,Lisle,White,lwhitebf@indiegogo.com,Male
413,Susy,Lancley,slancleybg@ifeng.com,Female
414,Harli,Duffin,hduffinbh@creativecommons.org,Female
415,Garrik,Wroughton,gwroughtonbi@tripadvisor.com,Male
416,Bucky,Haugg,bhauggbj@shop-pro.jp,Male
417,Lambert,Dolohunty,ldolohuntybk@dailymotion.com,Male
418,Aland,Ghioni,aghionibl@senate.gov,Male
419,Kerwin,O'Hoolahan,kohoolahanbm@statcounter.com,Male
420,Zachariah,Astell,zastellbn@illinois.edu,Male
421,Cindy,Raubenheimers,craubenheimersbo@dion.ne.jp,Female
422,Dulcia,Gawthrop,dgawthropbp@netvibes.com,Female
423,Henderson,Rawles,hrawlesbq@eventbrite.com,Male
424,Darlleen,Saylor,dsaylorbr@nymag.com,Female
425,Corbie,Letteresse,cletteressebs@unblog.fr,Male
426,Adan,Athey,aatheybt@aboutads.info,Male
427,Eilis,O'Carroll,eocarrollbu@booking.com,Female
428,Thaddus,McLucas,tmclucasbv@myspace.com,Male
429,Lucita,Sterry,lsterrybw@bizjournals.com,Female
430,Michele,Trussler,mtrusslerbx@ed.gov,Female
431,Gualterio,Keddey,gkeddeyby@ow.ly,Male
432,Steward,Aynscombe,saynscombebz@opera.com,Male
433,Rebekkah,Jochen,rjochenc0@dagondesign.com,Female
434,Dasi,Badwick,dbadwickc1@unc.edu,Female
435,Ruthanne,Loughhead,rloughheadc2@purevolume.com,Female
436,Oren,Taffe,otaffec3@last.fm,Male
437,Brade,Rumming,brummingc4@cbc.ca,Male
438,Tiffany,le Keux,tlekeuxc5@merriam-webster.com,Female
439,Allyce,Harradence,aharradencec6@google.com.au,Female
440,Kylie,Andrat,kandratc7@twitpic.com,Female
441,Pia,Pettingill,ppettingillc8@state.gov,Female
442,Clementina,Kirkhouse,ckirkhousec9@rediff.com,Female
443,Laraine,Parton,lpartonca@yelp.com,Female
444,Lura,Towsie,ltowsiecb@answers.com,Female
445,Alfreda,Cypler,acyplercc@ning.com,Female
446,Elton,Bollam,ebollamcd@alibaba.com,Male
447,Jaimie,Elkins,jelkinsce@bloomberg.com,Male
448,Todd,Beaston,tbeastoncf@washingtonpost.com,Male
449,Catriona,Upham,cuphamcg@engadget.com,Female
450,Isahella,Jagger,ijaggerch@storify.com,Female
451,Rosabella,Alabone,ralaboneci@xrea.com,Female
452,Joshua,Dresse,jdressecj@barnesandnoble.com,Male
453,Hirsch,Devonport,hdevonportck@guardian.co.uk,Male
454,Andrej,Wooder,awoodercl@washington.edu,Male
455,Nate,Brownstein,nbrownsteincm@bloglines.com,Male
456,Franklin,Stean,fsteancn@merriam-webster.com,Male
457,Thalia,Rosenblum,trosenblumco@newyorker.com,Female
458,Sonia,Christou,schristoucp@t-online.de,Female
459,Zed,Beamiss,zbeamisscq@cnbc.com,Male
460,Nico,Keming,nkemingcr@tmall.com,Male
461,Antonius,Chalfont,achalfontcs@disqus.com,Male
462,Finlay,La Padula,flapadulact@redcross.org,Male
463,Brody,Dallinder,bdallindercu@wikipedia.org,Male
464,Giselle,Lamcken,glamckencv@soup.io,Female
465,Susann,Burrus,sburruscw@skype.com,Female
466,Charyl,Durward,cdurwardcx@ycombinator.com,Female
467,Hagan,Haime,hhaimecy@bizjournals.com,Male
468,Manda,Sergeaunt,msergeauntcz@chicagotribune.com,Female
469,Phyllis,Jesper,pjesperd0@whitehouse.gov,Female
470,Audi,Wank,awankd1@ucoz.ru,Female
471,Arin,Heasman,aheasmand2@addthis.com,Male
472,Brianna,Whittlesea,bwhittlesead3@tuttocitta.it,Female
473,Ailee,Bride,abrided4@tinypic.com,Female
474,Haleigh,Freen,hfreend5@amazon.de,Female
475,Say,Hillum,shillumd6@usnews.com,Male
476,Arabela,Joesbury,ajoesburyd7@scribd.com,Female
477,Deanne,Ferreres,dferreresd8@sun.com,Female
478,Gael,Casazza,gcasazzad9@slideshare.net,Female
479,Benny,Riccelli,briccellida@cnet.com,Female
480,Mora,Iles,milesdb@google.com.au,Female
481,Dorella,Yegorev,dyegorevdc@scientificamerican.com,Female
482,Craggy,Vertigan,cvertigandd@virginia.edu,Male
483,Marian,Doulden,mdouldende@google.ca,Female
484,Gerri,Dunniom,gdunniomdf@edublogs.org,Male
485,Jermaine,Varren,jvarrendg@house.gov,Female
486,Chevy,Toretta,ctorettadh@digg.com,Male
487,Mabelle,Calcutt,mcalcuttdi@tinypic.com,Female
488,Konstance,Winters,kwintersdj@opensource.org,Female
489,Gregoire,Menilove,gmenilovedk@engadget.com,Male
490,Abdul,Pollock,apollockdl@google.de,Male
491,Miles,Santhouse,msanthousedm@ebay.com,Male
492,Pier,Hardcastle,phardcastledn@digg.com,Female
493,Raphaela,Liddle,rliddledo@mediafire.com,Female
494,Caria,Umney,cumneydp@shareasale.com,Female
495,Silvanus,Upton,suptondq@themeforest.net,Male
496,Vittorio,Maplethorpe,vmaplethorpedr@prweb.com,Male
497,Caroljean,Mason,cmasonds@ucoz.com,Female
498,Sue,Dunstone,sdunstonedt@sbwire.com,Female
499,Torrey,Needs,tneedsdu@symantec.com,Male
500,Larina,Wesker,lweskerdv@indiatimes.com,Female
501,Annabel,Lassells,alassellsdw@flickr.com,Female
502,Marie,Seldner,mseldnerdx@4shared.com,Female
503,Jillayne,Finlan,jfinlandy@wikimedia.org,Female
504,Denna,Chevin,dchevindz@themeforest.net,Female
505,Mathe,Fontenot,mfontenote0@yandex.ru,Male
506,Cornell,Valentim,cvalentime1@constantcontact.com,Male
507,Efrem,Noor,enoore2@sciencedaily.com,Male
508,Charmaine,Booeln,cbooelne3@tamu.edu,Female
509,Janaye,Windress,jwindresse4@uol.com.br,Female
510,Bryon,Pluthero,bplutheroe5@instagram.com,Male
511,Ania,Murie,amuriee6@google.com.br,Female
512,Olga,Mewe,omewee7@cocolog-nifty.com,Female
513,Gaven,Tunney,gtunneye8@yolasite.com,Male
514,Maribel,Tewkesbury,mtewkesburye9@amazon.co.jp,Female
515,Daffie,MacCurtain,dmaccurtainea@meetup.com,Female
516,Misti,Chomley,mchomleyeb@theatlantic.com,Female
517,Tobe,Chalke,tchalkeec@friendfeed.com,Female
518,Townsend,Loughman,tloughmaned@instagram.com,Male
519,Benedikt,Coatts,bcoattsee@mozilla.com,Male
520,Arlen,Sleite,asleiteef@unc.edu,Female
521,Selle,Busch,sbuscheg@last.fm,Female
522,Elspeth,Margach,emargacheh@rambler.ru,Female
523,Biddy,Gimbart,bgimbartei@state.gov,Female
524,Emiline,Jendrusch,ejendruschej@cloudflare.com,Female
525,Dinah,Fewtrell,dfewtrellek@vkontakte.ru,Female
526,Filippo,Ritter,fritterel@google.it,Male
527,Westleigh,Clarricoates,wclarricoatesem@independent.co.uk,Male
528,Kathy,Benzing,kbenzingen@meetup.com,Female
529,Gratiana,Call,gcalleo@xinhuanet.com,Female
530,Essy,Lambeth,elambethep@nydailynews.com,Female
531,Glenn,Stanlack,gstanlackeq@purevolume.com,Male
532,Lotty,Vannini,lvanninier@sourceforge.net,Female
533,Averil,Peascod,apeascodes@usa.gov,Male
534,Janka,Vance,jvanceet@bbb.org,Female
535,Nicolina,Broske,nbroskeeu@linkedin.com,Female
536,Kennith,Waker,kwakerev@smugmug.com,Male
537,Elsy,Petts,epettsew@nature.com,Female
538,Maryann,Woolam,mwoolamex@hhs.gov,Female
539,Corabella,Verna,cvernaey@goo.ne.jp,Female
540,Mercie,Dunne,mdunneez@vimeo.com,Female
541,Teresita,Ridler,tridlerf0@surveymonkey.com,Female
542,Amerigo,Goble,agoblef1@rakuten.co.jp,Male
543,Joell,James,jjamesf2@miibeian.gov.cn,Female
544,Florinda,Towse,ftowsef3@webs.com,Female
545,Willi,Lark,wlarkf4@yahoo.co.jp,Male
546,Trix,L'Hommee,tlhommeef5@jalbum.net,Female
547,Philomena,Adamiak,padamiakf6@ft.com,Female
548,Lucienne,Taig,ltaigf7@clickbank.net,Female
549,Drusi,Bengle,dbenglef8@geocities.jp,Female
550,Yasmin,Bole,ybolef9@wsj.com,Female
551,Nollie,Phippen,nphippenfa@mashable.com,Female
552,Noella,Cabell,ncabellfb@about.com,Female
553,Elwyn,Lequeux,elequeuxfc@geocities.jp,Male
554,Daryl,Ezzle,dezzlefd@answers.com,Male
555,Ollie,Blackmoor,oblackmoorfe@twitter.com,Male
556,Christophe,Youngs,cyoungsff@parallels.com,Male
557,Laurel,Karet,lkaretfg@shop-pro.jp,Female
558,Lana,Josey,ljoseyfh@bloomberg.com,Female
559,Hartley,Tynemouth,htynemouthfi@a8.net,Male
560,Sterne,Fiorentino,sfiorentinofj@paginegialle.it,Male
561,Cassy,Dallman,cdallmanfk@eventbrite.com,Female
562,Xaviera,Toffel,xtoffelfl@ibm.com,Female
563,Chrisy,Wase,cwasefm@sakura.ne.jp,Male
564,Ezmeralda,Paulton,epaultonfn@bloglines.com,Female
565,Petey,Lynagh,plynaghfo@alexa.com,Male
566,Haley,Cogin,hcoginfp@indiegogo.com,Male
567,Latia,Ballaam,lballaamfq@ameblo.jp,Female
568,Chadd,Kuhnwald,ckuhnwaldfr@irs.gov,Male
569,Amelie,Chatterton,achattertonfs@shop-pro.jp,Female
570,Gilbertina,Sneesbie,gsneesbieft@pagesperso-orange.fr,Female
571,Jacky,Snyder,jsnyderfu@imageshack.us,Female
572,Kile,Gavriel,kgavrielfv@dailymail.co.uk,Male
573,Jackie,Novello,jnovellofw@liveinternet.ru,Male
574,Archy,Constable,aconstablefx@networksolutions.com,Male
575,Latisha,Minichillo,lminichillofy@hud.gov,Female
576,Gawain,Leyzell,gleyzellfz@google.com.hk,Male
577,Fidel,Dehm,fdehmg0@unc.edu,Male
578,Redd,Gores,rgoresg1@github.io,Male
579,Tilly,Tiddy,ttiddyg2@rediff.com,Female
580,Benjamen,Pohl,bpohlg3@uiuc.edu,Male
581,Sandor,Raigatt,sraigattg4@ftc.gov,Male
582,Rodd,Dormer,rdormerg5@plala.or.jp,Male
583,Nicola,Barbosa,nbarbosag6@ox.ac.uk,Female
584,Chad,Croxley,ccroxleyg7@europa.eu,Male
585,Chick,Liversage,cliversageg8@mapy.cz,Male
586,Jaimie,Macartney,jmacartneyg9@theguardian.com,Male
587,Wylma,Kingcott,wkingcottga@e-recht24.de,Female
588,Kaylee,Stienton,kstientongb@netlog.com,Female
589,Quinlan,Risom,qrisomgc@ucsd.edu,Male
590,Marlow,Kornalik,mkornalikgd@biglobe.ne.jp,Male
591,Shanda,Sherrington,ssherringtonge@blogspot.com,Female
592,Jamie,Ferraraccio,jferraracciogf@behance.net,Male
593,Antonie,Deane,adeanegg@goo.gl,Female
594,Trix,Slesser,tslessergh@skype.com,Female
595,Pearla,Turrell,pturrellgi@ucoz.ru,Female
596,Rorie,Bischoff,rbischoffgj@twitpic.com,Female
597,Codie,Fitzsimmons,cfitzsimmonsgk@businessweek.com,Female
598,Carlee,Henrion,chenriongl@webeden.co.uk,Female
599,Job,Tantrum,jtantrumgm@discuz.net,Male
600,Adelbert,Delacoste,adelacostegn@clickbank.net,Male
601,Abbye,Dressel,adresselgo@dropbox.com,Female
602,Darcy,Ladds,dladdsgp@about.me,Male
603,Allegra,Posse,apossegq@feedburner.com,Female
604,Flory,Rubinowicz,frubinowiczgr@google.nl,Male
605,Cullin,Risman,crismangs@usnews.com,Male
606,Curran,Pellant,cpellantgt@java.com,Male
607,Codi,Ghirigori,cghirigorigu@ca.gov,Male
608,Orly,Lubbock,olubbockgv@dailymotion.com,Female
609,Kassia,Godilington,kgodilingtongw@pcworld.com,Female
610,Nanni,Matelaitis,nmatelaitisgx@comsenz.com,Female
611,Garvey,Maplestone,gmaplestonegy@sourceforge.net,Male
612,Gill,Gadney,ggadneygz@google.ru,Male
613,Christal,Wisden,cwisdenh0@nature.com,Female
614,Kristos,Colombier,kcolombierh1@tripod.com,Male
615,Jonathon,Craister,jcraisterh2@woothemes.com,Male
616,Zelig,Anniwell,zanniwellh3@nationalgeographic.com,Male
617,Marsh,Marshfield,mmarshfieldh4@behance.net,Male
618,Anitra,Iacovini,aiacovinih5@163.com,Female
619,Winfred,O'Duggan,wodugganh6@livejournal.com,Male
620,Mella,Sprackling,mspracklingh7@umich.edu,Female
621,Twyla,Lush,tlushh8@squarespace.com,Female
622,Gina,McMurthy,gmcmurthyh9@tripadvisor.com,Female
623,Nanni,Stratten,nstrattenha@miibeian.gov.cn,Female
624,Klement,Philippeaux,kphilippeauxhb@ftc.gov,Male
625,Betsy,Sprowle,bsprowlehc@issuu.com,Female
626,Knox,Ends,kendshd@so-net.ne.jp,Male
627,Liva,Bruster,lbrusterhe@devhub.com,Female
628,Ezequiel,Caplin,ecaplinhf@oaic.gov.au,Male
629,Nannette,Morley,nmorleyhg@aol.com,Female
630,Marlo,Wayte,mwaytehh@wikipedia.org,Male
631,James,Minchindon,jminchindonhi@reddit.com,Male
632,Zackariah,Lupson,zlupsonhj@free.fr,Male
633,Heidi,Azema,hazemahk@bloomberg.com,Female
634,Jeramie,Sunnucks,jsunnuckshl@reddit.com,Male
635,Orelee,Kelbie,okelbiehm@dot.gov,Female
636,Saunders,Cello,scellohn@nydailynews.com,Male
637,Gualterio,Slavin,gslavinho@lulu.com,Male
638,Koenraad,Cremen,kcremenhp@webnode.com,Male
639,Lothaire,Studeart,lstudearthq@eventbrite.com,Male
640,Reggie,Darker,rdarkerhr@cnn.com,Female
641,Rickie,Skyppe,rskyppehs@moonfruit.com,Female
642,Waldemar,Harrigan,wharriganht@stanford.edu,Male
643,Sullivan,Faltin,sfaltinhu@google.cn,Male
644,Woodrow,Starmer,wstarmerhv@networkadvertising.org,Male
645,Griffith,Tallman,gtallmanhw@yolasite.com,Male
646,Ronald,Bruford,rbrufordhx@webmd.com,Male
647,Lonee,Cockerham,lcockerhamhy@is.gd,Female
648,Ase,Forsdike,aforsdikehz@umich.edu,Male
649,Dallon,St. Louis,dstlouisi0@pagesperso-orange.fr,Male
650,Giraud,Artin,gartini1@istockphoto.com,Male
651,Flossi,Joincey,fjoinceyi2@altervista.org,Female
652,Tamera,Kingcote,tkingcotei3@forbes.com,Female
653,Valaria,Dommett,vdommetti4@techcrunch.com,Female
654,Forrest,Gallico,fgallicoi5@vinaora.com,Male
655,Isaac,Sirl,isirli6@51.la,Male
656,Darby,Stockman,dstockmani7@cafepress.com,Male
657,Kiele,Kollatsch,kkollatschi8@icio.us,Female
658,Sarine,Greson,sgresoni9@google.it,Female
659,Storm,Espinoy,sespinoyia@sfgate.com,Female
660,Zachariah,O'Kynsillaghe,zokynsillagheib@desdev.cn,Male
661,Aridatha,Antal,aantalic@ucoz.com,Female
662,Alexandra,Lisciandri,alisciandriid@rakuten.co.jp,Female
663,Janella,Naris,jnarisie@senate.gov,Female
664,Moria,Volker,mvolkerif@phpbb.com,Female
665,Ford,Giacomo,fgiacomoig@yellowpages.com,Male
666,Conrado,Paton,cpatonih@google.cn,Male
667,Armand,Huegett,ahuegettii@theatlantic.com,Male
668,Jeannie,Garz,jgarzij@vimeo.com,Female
669,Carmencita,Coweuppe,ccoweuppeik@ow.ly,Female
670,Tera,Sheeran,tsheeranil@tripadvisor.com,Female
671,Seana,Beavon,sbeavonim@gnu.org,Female
672,Eldredge,Paoloni,epaoloniin@oakley.com,Male
673,Agna,Pay,apayio@cnbc.com,Female
674,Corey,Marion,cmarionip@smugmug.com,Female
675,Enrico,Misselbrook,emisselbrookiq@bbc.co.uk,Male
676,Kipp,Charley,kcharleyir@newyorker.com,Female
677,Andrew,Mapowder,amapowderis@weibo.com,Male
678,Berti,Trowill,btrowillit@xrea.com,Male
679,Rriocard,Figura,rfiguraiu@wikispaces.com,Male
680,Worthy,Sille,wsilleiv@qq.com,Male
681,Dom,Karolowski,dkarolowskiiw@mapy.cz,Male
682,Giselle,Rothermel,grothermelix@ox.ac.uk,Female
683,Jarrett,Zima,jzimaiy@adobe.com,Male
684,Curran,De Fries,cdefriesiz@a8.net,Male
685,Teresa,Edmeades,tedmeadesj0@wix.com,Female
686,Thornton,Bernardon,tbernardonj1@businesswire.com,Male
687,Ondrea,Hastewell,ohastewellj2@smugmug.com,Female
688,Jarvis,Shoulders,jshouldersj3@tripadvisor.com,Male
689,Ferne,Taunton,ftauntonj4@bizjournals.com,Female
690,Felice,Crop,fcropj5@ibm.com,Male
691,Nisse,Ainsley,nainsleyj6@nih.gov,Female
692,Gerri,Lackney,glackneyj7@census.gov,Female
693,Libbi,Gobolos,lgobolosj8@harvard.edu,Female
694,Serene,Imore,simorej9@fda.gov,Female
695,Matti,Durrad,mdurradja@tiny.cc,Female
696,Ruth,Soames,rsoamesjb@washingtonpost.com,Female
697,Clemmy,Ganiford,cganifordjc@hc360.com,Male
698,Lamar,Plows,lplowsjd@google.de,Male
699,Carlo,Cottee,ccotteeje@ebay.com,Male
700,Delainey,Union,dunionjf@opensource.org,Male
701,Jaquith,Dradey,jdradeyjg@slashdot.org,Female
702,Bartholomew,Newlyn,bnewlynjh@adobe.com,Male
703,Alayne,Goring,agoringji@vinaora.com,Female
704,Willabella,Frazer,wfrazerjj@ehow.com,Female
705,Ingrim,Lukas,ilukasjk@mediafire.com,Male
706,Jaye,Colenutt,jcolenuttjl@networkadvertising.org,Male
707,Hans,O'Fairy,hofairyjm@house.gov,Male
708,Leif,Duesbury,lduesburyjn@omniture.com,Male
709,Wynn,Stanaway,wstanawayjo@webs.com,Male
710,Jemima,Jodrellec,jjodrellecjp@cdbaby.com,Female
711,Audrie,Cornil,acorniljq@noaa.gov,Female
712,Spenser,Pittam,spittamjr@purevolume.com,Male
713,Julianna,Burnsell,jburnselljs@ycombinator.com,Female
714,Cathi,Chiddy,cchiddyjt@cyberchimps.com,Female
715,Querida,Hayball,qhayballju@google.de,Female
716,Payton,Burberye,pburberyejv@biglobe.ne.jp,Male
717,Vonni,Mathison,vmathisonjw@sakura.ne.jp,Female
718,Hadley,Hartnup,hhartnupjx@sfgate.com,Male
719,Justino,De Angelo,jdeangelojy@ed.gov,Male
720,Ebony,Parsall,eparsalljz@archive.org,Female
721,Alidia,Fancourt,afancourtk0@shop-pro.jp,Female
722,Martino,Applewhaite,mapplewhaitek1@squidoo.com,Male
723,Reggy,Brandle,rbrandlek2@who.int,Male
724,Jessie,Trewhitt,jtrewhittk3@forbes.com,Female
725,Lari,Khrishtafovich,lkhrishtafovichk4@github.com,Female
726,Ave,McClure,amcclurek5@paypal.com,Male
727,Maryanne,Killingworth,mkillingworthk6@dropbox.com,Female
728,Emile,Halcro,ehalcrok7@google.com.br,Male
729,Ulrick,Trimme,utrimmek8@google.es,Male
730,Tally,Chrstine,tchrstinek9@i2i.jp,Female
731,Cletis,Scholcroft,cscholcroftka@chron.com,Male
732,Jeddy,Skala,jskalakb@gov.uk,Male
733,Alwin,Gummory,agummorykc@google.co.jp,Male
734,Noland,Rasell,nrasellkd@wikia.com,Male
735,Edwin,Hambric,ehambricke@squidoo.com,Male
736,Rowe,Exley,rexleykf@flavors.me,Female
737,Jessie,Cinelli,jcinellikg@dot.gov,Female
738,Sydney,Summerley,ssummerleykh@wordpress.org,Female
739,Trenton,Croxford,tcroxfordki@theglobeandmail.com,Male
740,Ray,Held,rheldkj@livejournal.com,Female
741,Joyan,Rendall,jrendallkk@blogs.com,Female
742,Randene,Gaitone,rgaitonekl@ox.ac.uk,Female
743,Olvan,Ellif,oellifkm@godaddy.com,Male
744,Chiquita,Issett,cissettkn@dell.com,Female
745,Drud,Eggers,deggersko@slashdot.org,Male
746,David,Hayto,dhaytokp@mapquest.com,Male
747,Stacy,Olivazzi,solivazzikq@behance.net,Male
748,Josy,Josilowski,jjosilowskikr@gravatar.com,Female
749,Tamiko,Adamovicz,tadamoviczks@discovery.com,Female
750,Yelena,De Lacey,ydelaceykt@stanford.edu,Female
751,Sibylla,Ginley,sginleyku@tinypic.com,Female
752,Eachelle,McCrum,emccrumkv@nationalgeographic.com,Female
753,Dalston,Simanek,dsimanekkw@harvard.edu,Male
754,Drud,Hesser,dhesserkx@canalblog.com,Male
755,Clovis,Senton,csentonky@cornell.edu,Female
756,Curtis,Vennart,cvennartkz@smh.com.au,Male
757,Thane,Blowing,tblowingl0@shop-pro.jp,Male
758,Charlie,Ferdinand,cferdinandl1@sina.com.cn,Male
759,Zorina,Carle,zcarlel2@examiner.com,Female
760,Ferrell,Kevlin,fkevlinl3@craigslist.org,Male
761,Viviana,Yearsley,vyearsleyl4@weather.com,Female
762,Peadar,O'Breen,pobreenl5@google.com.hk,Male
763,Lynda,Allanby,lallanbyl6@xrea.com,Female
764,Chloe,Gladdor,cgladdorl7@4shared.com,Female
765,Quintana,Canwell,qcanwelll8@omniture.com,Female
766,Kellina,Corneck,kcorneckl9@globo.com,Female
767,Tiphani,McCarroll,tmccarrollla@yolasite.com,Female
768,Nana,O'Reagan,noreaganlb@wsj.com,Female
769,Rodina,Groven,rgrovenlc@qq.com,Female
770,Laughton,Solley,lsolleyld@sciencedaily.com,Male
771,Sosanna,Jeske,sjeskele@edublogs.org,Female
772,Eugenie,Ouldcott,eouldcottlf@about.me,Female
773,Bernhard,Pinch,bpinchlg@posterous.com,Male
774,Anne,McGlew,amcglewlh@lulu.com,Female
775,Huberto,Grossman,hgrossmanli@gov.uk,Male
776,Tanner,Cruse,tcruselj@craigslist.org,Male
777,Anni,Winthrop,awinthroplk@com.com,Female
778,Ravi,Toplin,rtoplinll@icio.us,Male
779,Martie,Le Ball,mleballlm@creativecommons.org,Male
780,Dorena,Iacapucci,diacapucciln@nsw.gov.au,Female
781,Elias,Gotcliff,egotclifflo@gov.uk,Male
782,Ki,Cheyenne,kcheyennelp@gov.uk,Female
783,Betta,Chimes,bchimeslq@wix.com,Female
784,Deeann,Thatcher,dthatcherlr@phpbb.com,Female
785,Laurie,Sydenham,lsydenhamls@creativecommons.org,Female
786,Brear,Tournay,btournaylt@nba.com,Female
787,Dee dee,Wimbury,dwimburylu@chicagotribune.com,Female
788,Flora,Sponer,fsponerlv@phpbb.com,Female
789,Katleen,Roelofs,kroelofslw@tinyurl.com,Female
790,Branden,Rosenboim,brosenboimlx@salon.com,Male
791,Nomi,Northall,nnorthallly@tripod.com,Female
792,Reuven,Beneyto,rbeneytolz@bluehost.com,Male
793,Aluin,Lewsy,alewsym0@mediafire.com,Male
794,Ricky,Overbury,roverburym1@delicious.com,Male
795,Nils,O'Fergus,nofergusm2@linkedin.com,Male
796,Kingsley,Coulman,kcoulmanm3@meetup.com,Male
797,Debee,Rackstraw,drackstrawm4@de.vu,Female
798,Maximilian,Bikker,mbikkerm5@businesswire.com,Male
799,Jeddy,Pippard,jpippardm6@sina.com.cn,Male
800,Winny,Brusin,wbrusinm7@dropbox.com,Female
801,Regine,Peverell,rpeverellm8@over-blog.com,Female
802,Jakie,Brainsby,jbrainsbym9@youku.com,Male
803,Bondon,McLeman,bmclemanma@noaa.gov,Male
804,Laureen,Piotr,lpiotrmb@tamu.edu,Female
805,Ludovika,Seilmann,lseilmannmc@wiley.com,Female
806,Ramsey,Kippen,rkippenmd@businessweek.com,Male
807,Shirl,Ofener,sofenerme@multiply.com,Female
808,Filia,Wollen,fwollenmf@biglobe.ne.jp,Female
809,Garrett,Bloomfield,gbloomfieldmg@miitbeian.gov.cn,Male
810,Loleta,Jerdon,ljerdonmh@whitehouse.gov,Female
811,Ambrosio,Favill,afavillmi@cafepress.com,Male
812,Kelley,Simonel,ksimonelmj@vkontakte.ru,Female
813,Tait,Comi,tcomimk@cam.ac.uk,Male
814,Estelle,Fluck,efluckml@seattletimes.com,Female
815,Maximo,Bowcock,mbowcockmm@eventbrite.com,Male
816,Claudio,Paolazzi,cpaolazzimn@mlb.com,Male
817,Ira,Keeble,ikeeblemo@go.com,Female
818,Dniren,Cleveley,dcleveleymp@reddit.com,Female
819,Marga,Turnpenny,mturnpennymq@ycombinator.com,Female
820,Juli,Fisk,jfiskmr@mysql.com,Female
821,Major,Ewols,mewolsms@blog.com,Male
822,Cortie,Fairfoull,cfairfoullmt@mapquest.com,Male
823,Vance,Jeves,vjevesmu@wikia.com,Male
824,Cullan,Jaumet,cjaumetmv@home.pl,Male
825,Adamo,Emeline,aemelinemw@livejournal.com,Male
826,Debi,Finlan,dfinlanmx@wordpress.org,Female
827,Vic,Lawrie,vlawriemy@free.fr,Male
828,Louis,Gegg,lgeggmz@163.com,Male
829,Austin,Liccardo,aliccardon0@prweb.com,Male
830,Sabra,McGall,smcgalln1@dot.gov,Female
831,Terri,Vahl,tvahln2@paginegialle.it,Female
832,Brittni,Krochmann,bkrochmannn3@tmall.com,Female
833,Rosy,Clipsham,rclipshamn4@mit.edu,Female
834,Matelda,Fairbairn,mfairbairnn5@unesco.org,Female
835,Vanny,Ferrarotti,vferrarottin6@newsvine.com,Female
836,Fredek,Ben,fbenn7@seattletimes.com,Male
837,Irita,Crenshaw,icrenshawn8@arstechnica.com,Female
838,Gregg,Tregust,gtregustn9@desdev.cn,Male
839,Vail,Thaxter,vthaxterna@miitbeian.gov.cn,Male
840,Rivalee,Trudgian,rtrudgiannb@comsenz.com,Female
841,Noam,Devall,ndevallnc@networkadvertising.org,Male
842,Flinn,Owbridge,fowbridgend@dropbox.com,Male
843,Dean,Kropp,dkroppne@google.fr,Male
844,Jodee,Blinerman,jblinermannf@noaa.gov,Female
845,Nonnah,Helsby,nhelsbyng@booking.com,Female
846,Cissiee,Dudson,cdudsonnh@scientificamerican.com,Female
847,Lilllie,Ault,laultni@sogou.com,Female
848,Portie,Kegan,pkegannj@oracle.com,Male
849,Inger,Stallan,istallannk@nydailynews.com,Male
850,Arabelle,Alelsandrowicz,aalelsandrowicznl@wikispaces.com,Female
851,Francisca,Chidgey,fchidgeynm@canalblog.com,Female
852,Maddalena,Simioni,msimioninn@economist.com,Female
853,Nancey,Buzzing,nbuzzingno@stanford.edu,Female
854,Verile,Bridgnell,vbridgnellnp@merriam-webster.com,Female
855,Risa,Calverley,rcalverleynq@cnet.com,Female
856,Joelly,Petrak,jpetraknr@dmoz.org,Female
857,Ida,Byers,ibyersns@cam.ac.uk,Female
858,Guglielmo,Bapty,gbaptynt@nature.com,Male
859,Blanch,Tellenbach,btellenbachnu@dedecms.com,Female
860,Kaia,Hinstridge,khinstridgenv@nbcnews.com,Female
861,Alley,Rooze,aroozenw@histats.com,Male
862,Ira,Corday,icordaynx@wp.com,Female
863,Florida,Deerr,fdeerrny@quantcast.com,Female
864,Chadd,Dict,cdictnz@squarespace.com,Male
865,Laural,Claiton,lclaitono0@rakuten.co.jp,Female
866,Kermy,Burry,kburryo1@stanford.edu,Male
867,Roman,Grimwood,rgrimwoodo2@ezinearticles.com,Male
868,Dagny,Kuhnhardt,dkuhnhardto3@delicious.com,Male
869,Meta,Hulk,mhulko4@fema.gov,Female
870,Manolo,Narraway,mnarrawayo5@paypal.com,Male
871,Elisabet,Hulme,ehulmeo6@skyrock.com,Female
872,Xylia,Whitechurch,xwhitechurcho7@1688.com,Female
873,Woody,Klulisek,wkluliseko8@hc360.com,Male
874,Adey,Muxworthy,amuxworthyo9@independent.co.uk,Female
875,Seymour,Yakushkev,syakushkevoa@wired.com,Male
876,Xymenes,Brownsell,xbrownsellob@fotki.com,Male
877,Lemar,Patching,lpatchingoc@msu.edu,Male
878,Francisco,Quickenden,fquickendenod@histats.com,Male
879,Eugenie,Mainson,emainsonoe@si.edu,Female
880,Nikolos,Frill,nfrillof@mozilla.com,Male
881,Omero,Pailin,opailinog@patch.com,Male
882,Nichol,Baal,nbaaloh@w3.org,Female
883,Oby,Stanhope,ostanhopeoi@vk.com,Male
884,Homer,Dennis,hdennisoj@europa.eu,Male
885,Mason,Ivashnyov,mivashnyovok@ebay.co.uk,Male
886,Franky,Bulbrook,fbulbrookol@omniture.com,Male
887,Dorolisa,Varndell,dvarndellom@spiegel.de,Female
888,See,Perse,sperseon@reference.com,Male
889,Saree,Trevear,strevearoo@xing.com,Female
890,Aviva,Gorries,agorriesop@prlog.org,Female
891,Koenraad,Blount,kblountoq@360.cn,Male
892,Lynnet,Tardiff,ltardiffor@sourceforge.net,Female
893,Niels,Carson,ncarsonos@toplist.cz,Male
894,Franny,La Batie,flabatieot@berkeley.edu,Male
895,Stanfield,Goodfellow,sgoodfellowou@examiner.com,Male
896,Horacio,Jennins,hjenninsov@unesco.org,Male
897,Petronia,Simonnot,psimonnotow@paginegialle.it,Female
898,Patty,Gingedale,pgingedaleox@weibo.com,Female
899,Ingelbert,Guitonneau,iguitonneauoy@dailymail.co.uk,Male
900,Burlie,Gillhespy,bgillhespyoz@issuu.com,Male
901,Lilla,Chalcroft,lchalcroftp0@fda.gov,Female
902,Linus,Aviss,lavissp1@digg.com,Male
903,Sayers,Oaker,soakerp2@freewebs.com,Male
904,Ermanno,Springell,espringellp3@barnesandnoble.com,Male
905,Karisa,Major,kmajorp4@dailymail.co.uk,Female
906,Sheree,Eble,seblep5@qq.com,Female
907,Cherilynn,Bofield,cbofieldp6@cisco.com,Female
908,Lorrin,Fuentes,lfuentesp7@wired.com,Female
909,Andriana,Lehenmann,alehenmannp8@w3.org,Female
910,Rickie,Layman,rlaymanp9@yelp.com,Female
911,Owen,Jowle,ojowlepa@ihg.com,Male
912,Leonhard,Bagniuk,lbagniukpb@bbb.org,Male
913,Sal,Wannell,swannellpc@soup.io,Male
914,Valdemar,Opy,vopypd@g.co,Male
915,Stefania,Bartali,sbartalipe@virginia.edu,Female
916,Manfred,Kesteven,mkestevenpf@issuu.com,Male
917,Sasha,Cheverell,scheverellpg@twitter.com,Female
918,Hill,Vasyatkin,hvasyatkinph@howstuffworks.com,Male
919,Roderigo,Anderbrugge,randerbruggepi@google.fr,Male
920,Valentine,Trebilcock,vtrebilcockpj@japanpost.jp,Male
921,Christiano,Streatfeild,cstreatfeildpk@craigslist.org,Male
922,Melinda,Duffell,mduffellpl@zimbio.com,Female
923,Samantha,Abercrombie,sabercrombiepm@t-online.de,Female
924,Bruce,Jikylls,bjikyllspn@china.com.cn,Male
925,Sammy,Pandya,spandyapo@desdev.cn,Female
926,Bing,Relph,brelphpp@indiatimes.com,Male
927,Rockey,Whyborne,rwhybornepq@webs.com,Male
928,Brad,Stoppard,bstoppardpr@netlog.com,Male
929,Neala,Clist,nclistps@github.io,Female
930,Jillie,Jiruca,jjirucapt@tumblr.com,Female
931,Lindy,Daughtery,ldaughterypu@icio.us,Female
932,Francoise,Tidcomb,ftidcombpv@bigcartel.com,Female
933,Dilan,Kilmister,dkilmisterpw@canalblog.com,Male
934,Llewellyn,Pelosi,lpelosipx@yellowbook.com,Male
935,Adolphe,Rush,arushpy@booking.com,Male
936,Steffi,Pughe,spughepz@amazon.co.jp,Female
937,Franciskus,Ceccoli,fceccoliq0@umn.edu,Male
938,Troy,Lampke,tlampkeq1@independent.co.uk,Male
939,Binky,Tabbitt,btabbittq2@psu.edu,Male
940,Allistir,Sharples,asharplesq3@blogspot.com,Male
941,Wilfred,Cleeve,wcleeveq4@dot.gov,Male
942,Duffie,Annett,dannettq5@fda.gov,Male
943,Charlie,Bernlin,cbernlinq6@wunderground.com,Male
944,Joanne,Lockley,jlockleyq7@blogtalkradio.com,Female
945,Malanie,Wykey,mwykeyq8@merriam-webster.com,Female
946,King,Waith,kwaithq9@gravatar.com,Male
947,Tamma,Kingsmill,tkingsmillqa@usda.gov,Female
948,Brenden,Dysart,bdysartqb@noaa.gov,Male
949,Juan,Ivankovic,jivankovicqc@hc360.com,Male
950,Way,Tabary,wtabaryqd@cafepress.com,Male
951,Ilyse,Westmarland,iwestmarlandqe@state.tx.us,Female
952,Silvan,Gathwaite,sgathwaiteqf@usa.gov,Male
953,Trent,Wathan,twathanqg@jiathis.com,Male
954,Mikel,Morson,mmorsonqh@shareasale.com,Male
955,Glyn,Clink,gclinkqi@spiegel.de,Female
956,Adaline,Bollis,abollisqj@nbcnews.com,Female
957,Karena,Brampton,kbramptonqk@icq.com,Female
958,Bertie,Guthrie,bguthrieql@purevolume.com,Male
959,Valentino,Tindall,vtindallqm@opensource.org,Male
960,Gui,Desouza,gdesouzaqn@nature.com,Female
961,Calv,Bridgewood,cbridgewoodqo@arizona.edu,Male
962,Antonella,Beazey,abeazeyqp@reverbnation.com,Female
963,Alta,Swyre,aswyreqq@etsy.com,Female
964,Debbie,Jonin,djoninqr@state.tx.us,Female
965,Adelice,Leftwich,aleftwichqs@eepurl.com,Female
966,Melba,Dillistone,mdillistoneqt@squarespace.com,Female
967,Sharona,Spier,sspierqu@edublogs.org,Female
968,Pammie,Marquez,pmarquezqv@cbsnews.com,Female
969,Jerry,Burndred,jburndredqw@utexas.edu,Male
970,Rocky,Kittiman,rkittimanqx@mysql.com,Male
971,Tom,Gawne,tgawneqy@fotki.com,Male
972,Mimi,Larkings,mlarkingsqz@bizjournals.com,Female
973,Demetri,Tolemache,dtolemacher0@issuu.com,Male
974,Jeanine,Willoughby,jwilloughbyr1@mozilla.com,Female
975,Collen,Pinch,cpinchr2@tuttocitta.it,Female
976,Bria,Dessent,bdessentr3@lulu.com,Female
977,Arnie,Niblo,aniblor4@dmoz.org,Male
978,Aprilette,Affleck,aaffleckr5@ezinearticles.com,Female
979,Tandie,Bortoli,tbortolir6@feedburner.com,Female
980,Joanne,Yockney,jyockneyr7@rediff.com,Female
981,Eyde,Windrass,ewindrassr8@washington.edu,Female
982,Seward,Groucock,sgroucockr9@privacy.gov.au,Male
983,Lila,McEnteggart,lmcenteggartra@deviantart.com,Female
984,David,Lackemann,dlackemannrb@businessweek.com,Male
985,Saundra,Saban,ssabanrc@businessweek.com,Male
986,Karly,Bellis,kbellisrd@cargocollective.com,Female
987,Garrett,Fittall,gfittallre@utexas.edu,Male
988,Gerrard,MacLise,gmacliserf@stanford.edu,Male
989,Roosevelt,Horick,rhorickrg@edublogs.org,Male
990,Neale,Arman,narmanrh@meetup.com,Male
991,Obadias,Lardez,olardezri@princeton.edu,Male
992,Gallagher,Scholefield,gscholefieldrj@cdbaby.com,Male
993,Corrinne,Rottger,crottgerrk@networkadvertising.org,Female
994,Meredith,Morot,mmorotrl@wp.com,Male
995,Hercules,Edgeson,hedgesonrm@trellian.com,Male
996,Gavin,Kenvin,gkenvinrn@youtube.com,Male
997,Ryon,Haack,rhaackro@homestead.com,Male
998,Ira,Comber,icomberrp@msn.com,Male
999,Etta,Attwill,eattwillrq@yelp.com,Female
1000,Leticia,Argile,largilerr@google.ca,Female
